{"../lib/fonts/AdmiralIcons.ttf":["../lib/fonts/AdmiralIcons.ttf"],"assets/.DS_Store":["assets/.DS_Store"],"assets/Card.png":["assets/Card.png"],"assets/CheckSolid.png":["assets/CheckSolid.png"],"assets/Illustration.png":["assets/Illustration.png"],"assets/Logo.png":["assets/Logo.png"],"assets/LogoVisa.jpg":["assets/LogoVisa.jpg"],"assets/applePay.png":["assets/applePay.png"],"assets/logoMir.png":["assets/logoMir.png"],"packages/admiralui_flutter/lib/fonts/AdmiralIcons.ttf":["packages/admiralui_flutter/lib/fonts/AdmiralIcons.ttf"],"packages/admiralui_flutter/lib/fonts/SFProDisplay-Bold.ttf":["packages/admiralui_flutter/lib/fonts/SFProDisplay-Bold.ttf"],"packages/admiralui_flutter/lib/fonts/SFProDisplay-Medium.ttf":["packages/admiralui_flutter/lib/fonts/SFProDisplay-Medium.ttf"],"packages/admiralui_flutter/lib/fonts/SFProDisplay-Regular.ttf":["packages/admiralui_flutter/lib/fonts/SFProDisplay-Regular.ttf"],"packages/admiralui_flutter/lib/fonts/SFProDisplay-Semibold.ttf":["packages/admiralui_flutter/lib/fonts/SFProDisplay-Semibold.ttf"],"packages/admiralui_flutter/lib/fonts/SFProText-Bold.ttf":["packages/admiralui_flutter/lib/fonts/SFProText-Bold.ttf"],"packages/admiralui_flutter/lib/fonts/SFProText-Medium.ttf":["packages/admiralui_flutter/lib/fonts/SFProText-Medium.ttf"],"packages/admiralui_flutter/lib/fonts/SFProText-Regular.ttf":["packages/admiralui_flutter/lib/fonts/SFProText-Regular.ttf"],"packages/cupertino_icons/assets/CupertinoIcons.ttf":["packages/cupertino_icons/assets/CupertinoIcons.ttf"],"packages/golden_toolkit/fonts/Roboto-Regular.ttf":["packages/golden_toolkit/fonts/Roboto-Regular.ttf"]}