[{"family":"MaterialIcons","fonts":[{"asset":"fonts/MaterialIcons-Regular.otf"}]},{"family":"AdmiralIcons","fonts":[{"asset":"../lib/fonts/AdmiralIcons.ttf"}]},{"family":"packages/cupertino_icons/CupertinoIcons","fonts":[{"asset":"packages/cupertino_icons/assets/CupertinoIcons.ttf"}]},{"family":"packages/golden_toolkit/Roboto","fonts":[{"asset":"packages/golden_toolkit/fonts/Roboto-Regular.ttf"}]},{"family":"packages/admiralui_flutter/AdmiralIcons","fonts":[{"asset":"packages/admiralui_flutter/lib/fonts/AdmiralIcons.ttf"}]},{"family":"packages/admiralui_flutter/SFProDisplay","fonts":[{"asset":"packages/admiralui_flutter/lib/fonts/SFProDisplay-Regular.ttf"},{"asset":"packages/admiralui_flutter/lib/fonts/SFProDisplay-Medium.ttf"},{"asset":"packages/admiralui_flutter/lib/fonts/SFProDisplay-Bold.ttf"},{"asset":"packages/admiralui_flutter/lib/fonts/SFProDisplay-Semibold.ttf"}]},{"family":"packages/admiralui_flutter/SFProText","fonts":[{"asset":"packages/admiralui_flutter/lib/fonts/SFProText-Medium.ttf"},{"asset":"packages/admiralui_flutter/lib/fonts/SFProText-Regular.ttf"},{"asset":"packages/admiralui_flutter/lib/fonts/SFProText-Bold.ttf"}]}]